"dbsnp_rs","hugo_symbol","variant_type","hgvsp_short","consequence","patient_tcga_id"
"rs104886029","KRAS","SNP","p.A59E","missense_variant","TCGA-AB-2864"
"rs112445441","KRAS","SNP","p.G13D","missense_variant","TCGA-AB-2987"
"rs113581628","ZNF175","INS",NULL,"downstream_gene_variant","TCGA-AB-2939"
"rs113581628","ZNF175","INS",NULL,"downstream_gene_variant","TCGA-AB-3008"
"rs11554290","NRAS","SNP","p.Q61P","missense_variant","TCGA-AB-2978"
"rs11554290","NRAS","SNP","p.Q61R","missense_variant","TCGA-AB-2923"
"rs121434596","NRAS","SNP","p.G13D","missense_variant","TCGA-AB-2932"
"rs121434596","NRAS","SNP","p.G13D","missense_variant","TCGA-AB-2967"
"rs121434596","NRAS","SNP","p.G13D","missense_variant","TCGA-AB-2808"
"rs121434596","NRAS","SNP","p.G13D","missense_variant","TCGA-AB-2839"
"rs121434596","NRAS","SNP","p.G13D","missense_variant","TCGA-AB-2816"
"rs121907900","WT1","SNP","p.R462W","missense_variant","TCGA-AB-2874"
"rs121912880","COL2A1","SNP","p.G504C","missense_variant","TCGA-AB-2983"
"rs121913237","NRAS","SNP","p.G12D","missense_variant","TCGA-AB-2984"
"rs121913237","NRAS","SNP","p.G12D","missense_variant","TCGA-AB-2887"
"rs121913237","NRAS","SNP","p.G12D","missense_variant","TCGA-AB-2952"
"rs121913250","NRAS","SNP","p.G12C","missense_variant","TCGA-AB-2985"
"rs121913254","NRAS","SNP","p.Q61K","missense_variant","TCGA-AB-2892"
"rs121913254","NRAS","SNP","p.Q61K","missense_variant","TCGA-AB-2870"
"rs121913255","NRAS","SNP","p.Q61H","missense_variant","TCGA-AB-2838"
"rs121913255","NRAS","SNP","p.Q61H","missense_variant","TCGA-AB-2968"
"rs121913343","TP53","SNP","p.R273C","missense_variant","TCGA-AB-2943"
"rs121913499","IDH1","SNP","p.R132C","missense_variant","TCGA-AB-2928"
"rs121913499","IDH1","SNP","p.R132C","missense_variant","TCGA-AB-2863"
"rs121913499","IDH1","SNP","p.R132G","missense_variant","TCGA-AB-2990"
"rs121913499","IDH1","SNP","p.R132C","missense_variant","TCGA-AB-2821"
"rs121913499","IDH1","SNP","p.R132C","missense_variant","TCGA-AB-2919"
"rs121913499","IDH1","SNP","p.R132C","missense_variant","TCGA-AB-2984"
"rs121913499","IDH1","SNP","p.R132C","missense_variant","TCGA-AB-2901"
"rs121913499","IDH1","SNP","p.R132S","missense_variant","TCGA-AB-3011"
"rs121913499","IDH1","SNP","p.R132C","missense_variant","TCGA-AB-2926"
"rs121913499","IDH1","SNP","p.R132C","missense_variant","TCGA-AB-2992"
"rs121913499","IDH1","SNP","p.R132C","missense_variant","TCGA-AB-2867"
"rs121913499","IDH1","SNP","p.R132C","missense_variant","TCGA-AB-2977"
"rs121913499","IDH1","SNP","p.R132C","missense_variant","TCGA-AB-2887"
"rs121913499","IDH1","SNP","p.R132C","missense_variant","TCGA-AB-2822"
"rs121913500","IDH1","SNP","p.R132H","missense_variant","TCGA-AB-2884"
"rs121913500","IDH1","SNP","p.R132H","missense_variant","TCGA-AB-2802"
"rs121913500","IDH1","SNP","p.R132H","missense_variant","TCGA-AB-2949"
"rs121913500","IDH1","SNP","p.R132H","missense_variant","TCGA-AB-2969"
"rs121913500","IDH1","SNP","p.R132H","missense_variant","TCGA-AB-2945"
"rs121913506","KIT","SNP","p.D816Y","missense_variant","TCGA-AB-2881"
"rs121913507","KIT","SNP","p.D816V","missense_variant","TCGA-AB-2937"
"rs121913507","KIT","SNP","p.D816V","missense_variant","TCGA-AB-2939"
"rs121913507","KIT","SNP","p.D816V","missense_variant","TCGA-AB-2945"
"rs121913507","KIT","SNP","p.D816V","missense_variant","TCGA-AB-2843"
"rs121913527","KRAS","SNP","p.A146T","missense_variant","TCGA-AB-2966"
"rs121913529","KRAS","SNP","p.G12D","missense_variant","TCGA-AB-2865"
"rs121913529","KRAS","SNP","p.G12V","missense_variant","TCGA-AB-2861"
"rs121913529","KRAS","SNP","p.G12D","missense_variant","TCGA-AB-2929"
"rs121918454","PTPN11","SNP","p.A72V","missense_variant","TCGA-AB-2914"
"rs121918458","PTPN11","SNP","p.S502P","missense_variant","TCGA-AB-2972"
"rs121918470","PTPN11","SNP","p.Q510L","missense_variant","TCGA-AB-2871"
"rs121918697","THRB","SNP","p.R338W","missense_variant","TCGA-AB-2830"
"rs137853227","GNAI2","SNP","p.R179H","missense_variant","TCGA-AB-3009"
"rs137854556","NF1","SNP","p.R1276Q","missense_variant","TCGA-AB-2920"
"rs17851045","KRAS","SNP","p.Q61H","missense_variant","TCGA-AB-2826"
"rs181856403","GPR123","SNP","p.T38I","missense_variant","TCGA-AB-2993"
"rs33981747","NFKBIZ","INS","p.X645_splice","splice_region_variant,intron_variant","TCGA-AB-2869"
"rs34051457","CRIPAK","DEL","p.T17Vfs*390","frameshift_variant","TCGA-AB-2847"
"rs55863639","TP53","SNP","p.T125=","splice_region_variant,synonymous_variant","TCGA-AB-2838"
"rs56185003","DCLK1","SNP","p.R292H","missense_variant","TCGA-AB-2807"
"rs61112029","RP3-393E18.1","INS","*61*","non_coding_transcript_exon_variant","TCGA-AB-2930"
"rs61397759","ZNF681","DEL","p.C203Wfs*5","frameshift_variant","TCGA-AB-2860"
"rs71818662","IL32","INS","p.D172Gfs*12","frameshift_variant","TCGA-AB-2939"
"rs71889021","DPYS","DEL","*482*","intron_variant","TCGA-AB-2982"
"rs74315450","RUNX1","SNP","p.R201Q","missense_variant","TCGA-AB-2959"
"rs77375493","JAK2","SNP","p.V617F","missense_variant","TCGA-AB-2865"
"rs80338758","MED12","SNP","p.R961W","missense_variant","TCGA-AB-2917"
